Source, Destination, Distance
1,2, 3.402823E+38
1,3, 3.402823E+38
1,4, 3.402823E+38
2,3, 3.402823E+38
2,4, 3.402823E+38
3,4, 2
